[
{
  "model": "webapp.article",
  "pk": 4,
  "fields": {
    "title": "studying PK parameters and git",
    "text": "Now I try to figure out how pk works if all articles are deleted. Now I try to not to lose the points",
    "author": "Bob Marley",
    "created_at": "2019-09-05T05:21:10.986Z",
    "updated_at": "2019-10-01T08:18:11.887Z",
    "tags": []
  }
},
{
  "model": "webapp.article",
  "pk": 5,
  "fields": {
    "title": "The most important imperial stuff",
    "text": "To be or not to be,\r\nthat's the question.\r\nwhether tis nobler in the mind to suffer ",
    "author": "",
    "created_at": "2019-09-06T14:52:33.071Z",
    "updated_at": "2019-09-10T13:53:41.902Z",
    "tags": []
  }
},
{
  "model": "webapp.article",
  "pk": 7,
  "fields": {
    "title": "\u0423\u0432\u043b\u0435\u043a\u0430\u0442\u0435\u043b\u044c\u043d\u044b\u0435 \u043f\u0443\u0442\u0435\u0448\u0435\u0441\u0442\u0432\u0438\u044f \u0432 \u0414\u0436\u0430\u043d\u0433\u043e",
    "text": "\u041d\u0443, \u044f \u043a\u043e\u043d\u0435\u0447\u043d\u043e \u043f\u0440\u0438\u0432\u0440\u0430\u043b, \r\n\u043e\u043d\u0438 \u043d\u0435 \u0443\u0432\u043b\u0435\u043a\u0430\u0442\u0435\u043b\u044c\u043d\u044b\u0435, \r\n\u043d\u043e \u0437\u0430\u0431\u0430\u0432\u043d\u044b\u0435",
    "author": "\u042f",
    "created_at": "2019-09-10T15:09:35.127Z",
    "updated_at": "2019-09-10T15:09:35.127Z",
    "tags": []
  }
},
{
  "model": "webapp.article",
  "pk": 9,
  "fields": {
    "title": "\u041a\u043e\u043c\u043c\u0435\u043d\u0442\u044b \u043a \u0441\u0442\u0430\u0442\u044c\u0435",
    "text": "\u0432 \u044d\u0442\u043e\u0439 \u0441\u0442\u0430\u0442\u044c\u0435 \u043c\u044b \u0440\u0430\u0441\u0441\u043a\u0430\u0436\u0435\u043c, \u043a\u0430\u043a \u043a \u0441\u0442\u0430\u0442\u044c\u044f\u043c \u043f\u0440\u0438\u043f\u0438\u043b\u0438\u0442\u044c \u043a\u043e\u043c\u043c\u0435\u043d\u0442\u0430\u0440\u0438\u0438. \u0410 \u043f\u043e\u0442\u043e\u043c \u043e\u0442\u043f\u0438\u043b\u0438\u0442\u044c \u043a\u043e\u043c\u043c\u0435\u043d\u0442\u0430\u0440\u0438\u0438 \u0438 \u0441\u0434\u0435\u043b\u0430\u0442\u044c \u0432\u0438\u0434, \u0447\u0442\u043e \u0438\u0445 \u043d\u0438\u043a\u043e\u0433\u0434\u0430 \u043d\u0435 \u0431\u044b\u043b\u043e. \r\n\u0412\u0440\u043e\u0434\u0435 , \u043f\u043e\u043b\u0443\u0447\u0430\u0435\u0442\u0441\u044f",
    "author": "\u0412\u0430\u0441\u044f \u041f\u0443\u043f\u043a\u0438\u043d",
    "created_at": "2019-09-24T13:35:59.804Z",
    "updated_at": "2019-10-01T08:23:05.529Z",
    "tags": []
  }
},
{
  "model": "webapp.article",
  "pk": 13,
  "fields": {
    "title": "\u041f\u044b\u0442\u0430\u044e\u0441\u044c \u0441\u043e\u0441\u0442\u0430\u0432\u0438\u0442\u044c \u043d\u043e\u0440\u043c\u0430\u043b\u044c\u043d\u044b\u0435 \u043a\u043e\u043c\u043c\u0438\u0442\u044b",
    "text": "\u0441\u043d\u043e\u0448\u0443 \u043f\u0440\u043e\u0435\u043a\u0442 \u0438 \u043f\u043e\u044d\u0442\u0430\u043f\u043d\u043e \u0432\u044b\u0441\u0442\u0430\u0432\u043b\u044f\u044e \u0432 \u043d\u0435\u0433\u043e \u0432\u0441\u0451, \u0447\u0442\u043e \u043d\u0430\u0434\u0435\u043b\u0430\u043b \u0437\u0430 \u043f\u0430\u0440\u0443 \u0434\u043d\u0435\u0439\r\n\r\n\u041f\u043e\u043f\u0443\u0442\u043d\u043e \u043f\u0440\u043e\u0432\u0435\u0440\u044f\u044e, \u043a\u0430\u043a \u0432\u0441\u0451 \u0440\u0430\u0431\u043e\u0442\u0430\u0435\u0442",
    "author": "\u042f",
    "created_at": "2019-10-01T08:29:28.127Z",
    "updated_at": "2019-10-01T08:29:51.559Z",
    "tags": []
  }
},
{
  "model": "webapp.article",
  "pk": 16,
  "fields": {
    "title": "\u041a\u0430\u043a \u0443\u043f\u0440\u0430\u0432\u043b\u044f\u0442\u044c \u043c\u0438\u0440\u043e\u043c \u043f\u0440\u044f\u043c\u043e \u0438\u0437 \u043f\u0430\u043b\u0430\u0442\u044b",
    "text": "\u043d\u0430 \u0441\u0430\u043c\u043e\u043c \u0434\u0435\u043b\u0435, \u044d\u0442\u043e \u0434\u043e\u0441\u0442\u0430\u0442\u043e\u0447\u043d\u043e \u043f\u0440\u043e\u0441\u0442\u043e.\r\n\u041d\u0430\u0434\u043e \u0432\u0441\u0435\u0433\u043e \u043b\u0438\u0448\u044c \u0437\u0430\u0445\u043e\u0442\u0435\u0442\u044c.\r\n\u0418 \u043d\u0435 \u043f\u0440\u0438\u043d\u0438\u043c\u0430\u0442\u044c \u0433\u0430\u043b\u043e\u043f\u0435\u0440\u0438\u0434\u043e\u043b",
    "author": "\u041d\u0430\u043f\u043e\u043b\u0435\u043e\u043d \u0411\u043e\u043d\u0430\u043f\u0430\u0440\u0442",
    "created_at": "2019-10-01T11:50:56.721Z",
    "updated_at": "2019-10-01T11:52:28.249Z",
    "tags": []
  }
},
{
  "model": "webapp.article",
  "pk": 18,
  "fields": {
    "title": "\u0414\u043e\u0431\u0430\u0432\u043b\u044f\u0435\u043c \u043f\u0430\u0433\u0438\u043d\u0430\u0442\u043e\u0440",
    "text": "\u0441\u0435\u0433\u043e\u0434\u043d\u044f \u043c\u044b \u043d\u0430\u043a\u043e\u043d\u0435\u0446-\u0442\u043e \u043e\u0444\u0438\u0446\u0438\u0430\u043b\u044c\u043d\u043e \u0443\u0437\u043d\u0430\u043b\u0438, \u0447\u0442\u043e \u0435\u0441\u0442\u044c \u0433\u0435\u043d\u0435\u0440\u0438\u0440\u043e\u0432\u0430\u043d\u043d\u044b\u0435 \u043a\u043b\u0430\u0441\u0441\u044b \u0434\u0436\u0430\u043d\u0433\u043e \u0441 \u0442\u0430\u043a\u0438\u043c\u0438 \u0444\u0443\u043d\u043a\u0446\u0438\u044f\u043c\u0438, \u043a\u0430\u043a \u043f\u0430\u0433\u0438\u043d\u0430\u0442\u043e\u0440",
    "author": "\u044f",
    "created_at": "2019-10-01T14:33:30.278Z",
    "updated_at": "2019-10-01T14:33:30.279Z",
    "tags": []
  }
},
{
  "model": "webapp.article",
  "pk": 19,
  "fields": {
    "title": "\u041f\u044b\u0442\u0430\u044e\u0441\u044c \u0434\u043e\u0431\u0438\u0442\u044c\u0441\u044f \u043e\u0442\u0432\u0430\u043b\u0430 \u0441\u0442\u0430\u0442\u0435\u0439",
    "text": "\u043f\u044b\u0442\u0430\u044e\u0441\u044c \u0434\u043e\u0431\u0438\u0442\u044c\u0441\u044f \u0442\u043e\u0433\u043e. \u0447\u0442\u043e\u0431\u044b \u043b\u0438\u0448\u043d\u0438\u0435 \u0441\u0442\u0430\u0442\u044c\u0438 \u043e\u0442\u0432\u0430\u043b\u0438\u043b\u0438\u0441\u044c \u0441 \u043f\u0435\u0440\u0432\u043e\u0439 \u0441\u0442\u0440\u0430\u043d\u0438\u0446\u044b",
    "author": "\u044f",
    "created_at": "2019-10-01T14:35:39.334Z",
    "updated_at": "2019-10-01T14:35:39.334Z",
    "tags": []
  }
},
{
  "model": "webapp.article",
  "pk": 20,
  "fields": {
    "title": "\u0421\u043e\u0437\u0434\u0430\u0435\u043c \u0441\u0442\u0430\u0442\u044c\u044e",
    "text": "\u0416\u044b\u0432\u0442\u043e\u043d\u0435 \u0447\u043e\u0447\u043e \u0443\u043f\u044f\u0447\u043a\u0430",
    "author": "\u041f\u043d\u0451",
    "created_at": "2019-10-04T14:35:33.699Z",
    "updated_at": "2019-10-17T16:25:48.069Z",
    "tags": []
  }
},
{
  "model": "webapp.article",
  "pk": 21,
  "fields": {
    "title": "\u0418\u0437\u0443\u0447\u0430\u0435\u043c \u0434\u0436\u0430\u043d\u0433\u043e",
    "text": "\u0431\u043b\u0430 \u0431\u043b\u0430 \u0431\u043b\u0430 \u0431\u043b\u0430",
    "author": "Unknown",
    "created_at": "2019-10-15T14:38:34.743Z",
    "updated_at": "2019-10-17T12:27:34.415Z",
    "tags": [
      1,
      3,
      5
    ]
  }
},
{
  "model": "webapp.article",
  "pk": 25,
  "fields": {
    "title": "\u041f\u0440\u0438\u043f\u0438\u043b\u0438\u0432\u0430\u0435\u043c \u0442\u0435\u0433\u0438",
    "text": "\u0442\u0435\u043f\u0435\u0440\u044c \u043d\u0430\u0434\u043e \u0432 \u043d\u0430\u0448 \u043c\u043d\u043e\u0433\u043e\u0441\u0442\u0440\u0430\u0434\u0430\u043b\u044c\u043d\u044b\u0439 \u0431\u043b\u043e\u0433 \u043f\u0440\u0438\u043f\u0438\u043b\u0438\u0442\u044c \u0442\u0435\u0433\u0438",
    "author": "Unknown",
    "created_at": "2019-10-17T06:51:47.813Z",
    "updated_at": "2019-10-17T12:25:27.916Z",
    "tags": [
      5
    ]
  }
},
{
  "model": "webapp.article",
  "pk": 26,
  "fields": {
    "title": "\u0421\u043c\u043e\u0442\u0440\u0438, \u043a\u0430\u043a \u044f \u043c\u043e\u0433\u0443",
    "text": "\u0432\u0440\u043e\u0434\u0435 \u0431\u044b , \u0434\u043e\u0431\u0430\u0432\u043b\u0435\u043d\u0438\u0435 \u0442\u0435\u0433\u043e\u0432 \u043a \u043d\u043e\u0432\u043e\u0439 \u0441\u0442\u0430\u0442\u044c\u0435 \u0434\u043e\u043b\u0436\u043d\u043e \u0440\u0430\u0431\u043e\u0442\u0430\u0442\u044c.\r\n\u0422\u0435\u043f\u0435\u0440\u044c...",
    "author": "Unknown",
    "created_at": "2019-10-17T12:39:05.171Z",
    "updated_at": "2019-10-17T16:31:41.344Z",
    "tags": []
  }
},
{
  "model": "webapp.article",
  "pk": 27,
  "fields": {
    "title": "\u0414\u0436\u0430\u043d\u0433\u043e \u043f\u0440\u0430\u0439\u0434",
    "text": "\u044d\u044d\u044d\u044d\u044d , \u043f\u043e\u043b\u0443\u0447\u0438\u043b\u043e\u0441\u044c \u0437\u0430\u043f\u0438\u043b\u0438\u0442\u044c \u0442\u0435\u0433\u0438",
    "author": "Unknown",
    "created_at": "2019-10-17T13:06:34.468Z",
    "updated_at": "2019-10-17T16:36:35.067Z",
    "tags": [
      2,
      4,
      11
    ]
  }
},
{
  "model": "webapp.article",
  "pk": 28,
  "fields": {
    "title": "\u0422\u0435\u0433\u0438 \u0443\u043f\u0430\u043b\u0438",
    "text": "\u0442\u0435\u0433\u0438 \u0441\u0442\u043e\u044f\u043b\u0438 \u0441\u0442\u043e\u044f\u043b\u0438 \u0438 \u0442\u0443\u0442 \u0440\u0443\u0445\u043d\u0443\u043b\u0438. \u041d\u0435\u043f\u043e\u0440\u044f\u0434\u043e\u043a",
    "author": "Unknown",
    "created_at": "2019-10-17T16:34:30.524Z",
    "updated_at": "2019-10-18T12:55:04.863Z",
    "tags": [
      2,
      5,
      31
    ]
  }
},
{
  "model": "webapp.comment",
  "pk": 1,
  "fields": {
    "article": 7,
    "text": "\u041c\u043d\u0435 \u043d\u0435 \u043d\u0440\u0430\u0432\u0438\u0442\u0441\u044f \u0432\u0430\u0448\u0430 \u0441\u0442\u0430\u0442\u044c\u044f, \u043a\u0430\u043a \u0438 \u0432\u044b. \r\n\u0418\u0434\u0438\u0442\u0435 \u0432 \u0437\u0430\u0434\u043d\u0438\u0446\u0443, \u043f\u0440\u043e\u043a\u043b\u044f\u0442\u044c\u0435 \u043d\u0430 \u0432\u0430\u0448\u0438 \u043f\u043b\u0435\u0447\u0438",
    "author": "\u0417\u043b\u043e\u0431\u043d\u044b\u0439 \u0448\u0438\u0437\u043e\u0438\u0434",
    "created_at": "2019-10-01T08:55:53.697Z",
    "updated_at": "2019-10-01T11:39:50.601Z"
  }
},
{
  "model": "webapp.comment",
  "pk": 2,
  "fields": {
    "article": 13,
    "text": "\u0437\u0430\u0447\u0435\u043c \u0441\u0442\u043e\u043b\u044c\u043a\u043e \u043d\u0435\u0433\u0430\u0442\u0438\u0432\u0430 \u0438 \u0442\u0443\u043f\u0438\u0437\u043c\u0430, \u043d\u0435 \u043f\u043e\u043d\u0438\u043c\u0430\u044e \u043b\u044e\u0434\u0435\u0439 !!1?!??!?!?\r\n\u0412\u0430\u0430\u0430\u0449\u0435 ! \u0421\u043c\u0435\u0440\u0442\u044c !",
    "author": "\u0422\u0435\u043b\u043a\u043e",
    "created_at": "2019-10-01T08:56:20.978Z",
    "updated_at": "2019-10-01T08:57:08.387Z"
  }
},
{
  "model": "webapp.comment",
  "pk": 3,
  "fields": {
    "article": 9,
    "text": "\u042f \u043f\u0438\u043b\u044e \u043a\u043e\u043c\u043c\u0435\u043d\u0442\u0430\u0440\u0438\u0438 , \u0447\u0442\u043e\u0431\u044b \u043f\u043e\u0442\u043e\u043c \u0440\u0435\u0434\u0430\u043a\u0442\u0438\u0440\u043e\u0432\u0430\u0442\u044c \u0438\u0445 \u0438 \u0443\u0434\u0430\u043b\u044f\u0442\u044c.\r\n\u043f\u0438\u043b\u044f\u0442\u0441\u044f, \u0441\u043e\u0431\u0430\u043a\u0438",
    "author": "\u0438\u0433\u043e\u0440\u044c",
    "created_at": "2019-10-01T09:08:06.572Z",
    "updated_at": "2019-10-01T11:39:08.756Z"
  }
},
{
  "model": "webapp.comment",
  "pk": 5,
  "fields": {
    "article": 9,
    "text": "\u0410 \u0442\u0435\u043f\u0435\u0440\u044c \u044f \u043f\u043e\u0434\u043a\u043b\u044e\u0447\u0438\u043b \u0444\u043e\u0440\u043c\u0443 \u043f\u0440\u044f\u043c\u043e \u043d\u0430 \u0441\u0442\u0440\u0430\u043d\u0438\u0446\u0435 \u0441\u0442\u0430\u0442\u044c\u0438 . \u041a\u0440\u0430\u0441\u043e\u0442\u0430\r\n\r\n\u0410 \u0435\u0449\u0451 \u044f \u0435\u0435 \u043e\u0442\u0440\u0435\u0434\u0430\u043a\u0442\u0438\u0440\u043e\u0432\u0430\u043b \u043f\u0440\u044f\u043c\u043e \u043e\u0442\u0441\u044e\u0434\u0430",
    "author": "\u0433\u0440\u0438\u0433\u043e\u0440\u0438\u0439",
    "created_at": "2019-10-01T09:27:40.304Z",
    "updated_at": "2019-10-01T09:30:37.870Z"
  }
},
{
  "model": "webapp.comment",
  "pk": 6,
  "fields": {
    "article": 16,
    "text": "\u0427\u0442\u043e \u0437\u0430 \u0432\u0437\u0434\u043e\u0440?\r\n\u042f \u0442\u0430\u043a \u043f\u0440\u043e\u0431\u043e\u0432\u0430\u043b, \u043d\u0435 \u043f\u043e\u043b\u0443\u0447\u0430\u0435\u0442\u0441\u044f \u043d\u0438\u043a\u0430\u043a!\r\n\u0412\u0440\u0430\u043d\u044c\u0435",
    "author": "\u0426\u0430\u0440\u044c",
    "created_at": "2019-10-01T11:51:22.287Z",
    "updated_at": "2019-10-01T12:58:02.148Z"
  }
},
{
  "model": "webapp.comment",
  "pk": 9,
  "fields": {
    "article": 9,
    "text": "\u041a\u0442\u043e \u043c\u043d\u0435 \u043a\u0430\u0440\u0442\u043e\u0448\u043a\u0443 \u043d\u0430\u043a\u043e\u043f\u0430\u0435\u0442, \u0430 ?",
    "author": "\u0410\u0432\u0434\u043e\u0442\u044c\u044f",
    "created_at": "2019-10-04T13:46:04.714Z",
    "updated_at": "2019-10-04T13:46:04.936Z"
  }
},
{
  "model": "webapp.comment",
  "pk": 10,
  "fields": {
    "article": 9,
    "text": "\u041c\u0430\u0430\u0430\u0430\u043c, \u0442\u0443\u0430\u0430\u0430\u0430\u043b\u0435\u0435\u0435\u0435\u0435\u0435\u0435\u0442\u0442 !!!11",
    "author": "\u041a\u0430\u0440\u0442\u043c\u0430\u043d",
    "created_at": "2019-10-04T13:46:24.240Z",
    "updated_at": "2019-10-04T13:46:24.456Z"
  }
},
{
  "model": "webapp.comment",
  "pk": 11,
  "fields": {
    "article": 20,
    "text": "\u0416\u0435\u043f\u044c \u0436\u0435\u043f\u044c \u0436\u0435\u043f\u044c",
    "author": "\u0410\u043d\u043e\u043d\u0438\u043c",
    "created_at": "2019-10-04T14:44:32.359Z",
    "updated_at": "2019-10-04T14:44:32.437Z"
  }
},
{
  "model": "webapp.comment",
  "pk": 12,
  "fields": {
    "article": 9,
    "text": "\u0434\u043e\u0431\u0430\u0432\u043b\u044f\u044e \u0438 \u0434\u043e\u0431\u0430\u0432\u043b\u044f\u044e \u043a\u043e\u043c\u043c\u0435\u043d\u0442\u044b ...",
    "author": "\u0410\u043d\u043e\u043d\u0438\u043c",
    "created_at": "2019-10-04T15:18:06.040Z",
    "updated_at": "2019-10-04T15:18:06.040Z"
  }
},
{
  "model": "webapp.tag",
  "pk": 1,
  "fields": {
    "name": "\u0432\u0435\u0447\u0435\u0440\u0432\u0442\u043e\u0440\u043d\u0438\u043a\u0430",
    "created_at": "2019-10-15T14:37:18.333Z"
  }
},
{
  "model": "webapp.tag",
  "pk": 2,
  "fields": {
    "name": "\u0442\u0435\u0433",
    "created_at": "2019-10-17T06:33:32.818Z"
  }
},
{
  "model": "webapp.tag",
  "pk": 3,
  "fields": {
    "name": "\u0431\u043b\u043e\u0433",
    "created_at": "2019-10-17T06:33:33.068Z"
  }
},
{
  "model": "webapp.tag",
  "pk": 4,
  "fields": {
    "name": "\u0441\u0442\u0430\u0442\u044c\u044f",
    "created_at": "2019-10-17T06:33:33.204Z"
  }
},
{
  "model": "webapp.tag",
  "pk": 5,
  "fields": {
    "name": "\u0433\u0435\u043c\u043e\u0440\u0440\u043e\u0439",
    "created_at": "2019-10-17T06:33:33.303Z"
  }
},
{
  "model": "webapp.tag",
  "pk": 6,
  "fields": {
    "name": "\u0436\u043e\u043f\u0430",
    "created_at": "2019-10-17T12:39:04.945Z"
  }
},
{
  "model": "webapp.tag",
  "pk": 8,
  "fields": {
    "name": "\u0420\u0435\u043d\u0435\u0441\u0441\u0430\u043d\u0441",
    "created_at": "2019-10-17T13:55:47.810Z"
  }
},
{
  "model": "webapp.tag",
  "pk": 11,
  "fields": {
    "name": "\u0418\u0433\u043e\u0440\u044c",
    "created_at": "2019-10-17T16:36:34.598Z"
  }
},
{
  "model": "webapp.tag",
  "pk": 12,
  "fields": {
    "name": "\u0442",
    "created_at": "2019-10-18T11:55:21.719Z"
  }
},
{
  "model": "webapp.tag",
  "pk": 13,
  "fields": {
    "name": "\u0435",
    "created_at": "2019-10-18T11:55:21.840Z"
  }
},
{
  "model": "webapp.tag",
  "pk": 14,
  "fields": {
    "name": "\u0433",
    "created_at": "2019-10-18T11:55:21.928Z"
  }
},
{
  "model": "webapp.tag",
  "pk": 15,
  "fields": {
    "name": ",",
    "created_at": "2019-10-18T11:55:22.016Z"
  }
},
{
  "model": "webapp.tag",
  "pk": 16,
  "fields": {
    "name": "\u043c",
    "created_at": "2019-10-18T11:55:22.094Z"
  }
},
{
  "model": "webapp.tag",
  "pk": 17,
  "fields": {
    "name": "\u043e",
    "created_at": "2019-10-18T11:55:22.181Z"
  }
},
{
  "model": "webapp.tag",
  "pk": 18,
  "fields": {
    "name": "\u0440",
    "created_at": "2019-10-18T11:55:22.254Z"
  }
},
{
  "model": "webapp.tag",
  "pk": 19,
  "fields": {
    "name": "\u0439",
    "created_at": "2019-10-18T11:55:22.344Z"
  }
},
{
  "model": "webapp.tag",
  "pk": 20,
  "fields": {
    "name": "\u0436",
    "created_at": "2019-10-18T11:55:22.420Z"
  }
},
{
  "model": "webapp.tag",
  "pk": 21,
  "fields": {
    "name": "\u043f",
    "created_at": "2019-10-18T11:55:22.497Z"
  }
},
{
  "model": "webapp.tag",
  "pk": 22,
  "fields": {
    "name": "\u0430",
    "created_at": "2019-10-18T11:55:22.573Z"
  }
},
{
  "model": "webapp.tag",
  "pk": 23,
  "fields": {
    "name": "<",
    "created_at": "2019-10-18T12:01:30.128Z"
  }
},
{
  "model": "webapp.tag",
  "pk": 24,
  "fields": {
    "name": "Q",
    "created_at": "2019-10-18T12:01:30.217Z"
  }
},
{
  "model": "webapp.tag",
  "pk": 25,
  "fields": {
    "name": "u",
    "created_at": "2019-10-18T12:01:30.294Z"
  }
},
{
  "model": "webapp.tag",
  "pk": 26,
  "fields": {
    "name": "e",
    "created_at": "2019-10-18T12:01:30.371Z"
  }
},
{
  "model": "webapp.tag",
  "pk": 27,
  "fields": {
    "name": "r",
    "created_at": "2019-10-18T12:01:30.442Z"
  }
},
{
  "model": "webapp.tag",
  "pk": 28,
  "fields": {
    "name": "y",
    "created_at": "2019-10-18T12:01:30.536Z"
  }
},
{
  "model": "webapp.tag",
  "pk": 29,
  "fields": {
    "name": "S",
    "created_at": "2019-10-18T12:01:30.613Z"
  }
},
{
  "model": "webapp.tag",
  "pk": 30,
  "fields": {
    "name": "t",
    "created_at": "2019-10-18T12:01:30.724Z"
  }
},
{
  "model": "webapp.tag",
  "pk": 31,
  "fields": {
    "name": "",
    "created_at": "2019-10-18T12:55:03.773Z"
  }
},
{
  "model": "auth.user",
  "pk": 1,
  "fields": {
    "password": "pbkdf2_sha256$150000$X4niv1F51evx$SIVXNUhDGeKzPVrammcq6lRlUuvLkfZSJtDpch+lq4s=",
    "last_login": "2019-10-17T12:26:28.533Z",
    "is_superuser": true,
    "username": "ernest_aitiev",
    "first_name": "",
    "last_name": "",
    "email": "",
    "is_staff": true,
    "is_active": true,
    "date_joined": "2019-09-05T04:39:04.001Z",
    "groups": [],
    "user_permissions": []
  }
}
]